fagurrauður	20	34	2	0	0	0	0	0	0	
fagurgljáandi	0	1	0	0	0	0	0	0	0	
gulbröndóttur	8	17	4	0	0	0	0	0	0	
hærugrár	0	1	0	0	0	0	0	0	0	
heiðbláur	0	0	0	0	0	0	0	0	0	
ljósgrár	21	22	3	2	0	0	0	0	0	
fölgrænn	6	3	2	0	0	0	0	0	0	
fölgrár	1	1	1	0	0	0	0	0	0	
gullitaður	0	1	0	0	0	0	0	0	0	
dökkgylltur	0	0	0	0	0	0	0	0	0	
appelsínurauður	1	11	3	1	0	0	0	0	0	
rauðfjólublár	3	3	0	0	0	0	0	0	0	
roðagull	0	0	0	0	0	0	0	0	0	
ljósbláur	0	0	0	0	0	0	0	0	0	
bláleitur	12	33	3	2	0	0	0	0	0	
ljósbrúnn	24	48	8	2	0	0	0	0	0	
bleikrauður	0	2	0	0	0	0	0	0	0	
bronslitur	1	2	0	0	0	0	0	0	0	
marglitaður	2	6	1	0	0	0	0	0	0	
neonlitur	0	0	1	1	0	0	0	0	0	
gráfjólublár	0	2	0	0	0	0	0	0	0	
rósrauður	8	24	0	1	0	0	0	0	0	
roðagullinn	0	1	0	0	0	0	0	0	0	
blágrá	0	0	0	0	0	0	0	0	0	
lakkmúslitur	0	0	0	0	0	0	0	0	0	
ljósgullinn	1	1	0	0	0	0	0	0	0	
fjólubleik	0	0	0	0	0	0	0	0	0	
rósableikur	1	1	0	0	0	0	0	0	0	
skærappelsínugulur	2	3	1	0	0	0	0	0	0	
ljóshringur	0	0	0	0	0	0	0	0	0	
jökulgrár	0	1	0	0	0	0	0	0	0	
sægrænur	0	0	0	0	0	0	0	0	0	
stykkishólmibrúnn	0	0	0	0	0	0	0	0	0	
fagurblár	17	7	0	0	0	0	0	0	0	
grænleitur	15	24	1	0	0	0	0	0	0	
vínrauður	26	54	6	1	0	0	0	0	0	
kremlitaður	2	7	1	0	0	0	0	0	0	
bleiklitaður	0	2	0	0	0	0	0	0	0	
túrkísblár	1	3	1	2	0	0	0	0	0	
grænlitaður	1	1	0	0	0	0	0	0	0	
akurgerðibrúnn	0	0	0	0	0	0	0	0	0	
hærusvartur	0	0	0	0	0	0	0	0	0	
helblár	3	3	1	0	0	0	0	0	0	
hvammibrúnn	0	0	0	0	0	0	0	0	0	
brúnbröndóttur	2	2	2	0	0	0	0	0	0	
dökkgulur	3	1	0	0	0	0	0	0	0	
grár	521	758	91	15	2	1	0	0	0	
kremhvítur	1	1	0	0	0	0	0	0	0	
blái	0	0	0	0	0	0	0	0	0	
hrafntinnusvartur	0	1	0	0	0	0	0	0	0	
sterkgulur	2	3	0	0	0	0	0	0	0	
fagurlitur	1	3	1	0	0	0	0	0	0	
húðliti	0	0	0	0	0	0	0	0	0	
bleikfjólublár	0	2	0	0	0	0	0	0	0	
rauðbröndóttur	1	7	0	0	0	0	0	0	0	
logafagur	0	0	0	0	0	0	0	0	0	
húðlitaður	5	8	2	0	0	0	0	0	0	
rústrautt	0	0	0	0	0	0	0	0	0	
fjólubláa	0	0	0	0	0	0	0	0	0	
kóralbleikur	0	1	0	0	0	0	0	0	0	
möðrufellibleikur	0	0	0	0	0	0	0	0	0	
sumarblár	1	0	0	0	0	0	0	0	0	
algrænn	1	2	0	0	0	0	0	0	0	
drifhvítur	13	9	2	1	0	0	0	0	0	
hamrasvartur	0	0	0	0	0	0	0	0	0	
sepóttur	1	0	1	0	0	0	0	0	0	
blómlitur	0	0	0	0	0	0	0	0	0	
svarrauður	1	1	0	0	0	0	0	0	0	
grængrár	1	2	0	0	0	0	0	0	0	
viðarlitur	0	0	0	0	0	0	0	0	0	
augnlitur	0	0	3	0	0	0	0	0	0	
ljósrauður	9	15	2	0	0	0	0	0	0	
ljósblátt	0	0	0	0	0	0	0	0	0	
blálitur	0	0	0	0	0	0	0	0	0	
rauðhvítur	2	5	0	0	0	0	0	0	0	
hrafnsvartur	10	5	2	0	0	0	0	0	0	
himinblámi	0	0	0	0	0	0	0	0	0	
drapplitaður	7	19	1	1	0	0	0	0	0	
sægrænn	5	11	1	0	0	0	0	0	0	
smaragðsgrænn	2	1	0	0	0	0	0	0	0	
dimmblá	0	0	0	0	0	0	0	0	0	
fagurbleikur	3	5	1	0	0	0	0	0	0	
mógrár	0	1	0	0	0	0	0	0	0	
milligrár	0	2	0	0	0	0	0	0	0	
doppóttur	1	21	5	0	0	0	0	0	0	
rauðblár	0	1	1	0	0	0	0	0	0	
brúngulur	1	1	0	0	0	0	0	0	0	
svartbrúnn	0	0	0	0	0	0	0	0	0	
akrýllita	0	0	0	0	0	0	0	0	0	
flöskugrænn	0	4	0	0	0	0	0	0	0	
bláa	0	0	0	0	0	0	0	0	0	
rauðan	0	0	0	0	0	0	0	0	0	
brúnleitur	21	43	4	1	0	0	0	0	0	
fjólubláur	0	0	0	0	0	0	0	0	0	
rúbínrauður	0	2	1	0	0	0	0	0	0	
fjólubleikur	0	1	1	1	0	0	0	0	0	
sinnepsgulur	4	1	3	0	0	0	0	0	0	
mjólkurhvítur	6	3	1	0	0	0	0	0	0	
hvítlitaður	0	0	0	0	0	0	0	0	0	
sæblár	1	1	0	0	0	0	0	0	0	
kolsvartur	75	88	7	1	0	0	0	0	0	
snakahvítur	1	0	0	0	0	0	0	0	0	
glóhvítur	0	0	0	0	0	0	0	0	0	
sólgulur	2	4	0	0	0	0	0	0	0	
svarblár	2	4	1	0	0	0	0	0	0	
akríllitur	1	0	0	0	0	0	0	0	0	
dökkvínrauða	0	0	0	0	0	0	0	0	0	
gráleit	0	0	0	0	0	0	0	0	0	
neonlit	0	0	0	0	0	0	0	0	0	
dimmrauður	8	2	2	0	0	0	0	0	0	
rjómagulur	4	3	0	0	0	0	0	0	0	
bláhvítur	7	13	3	0	0	0	0	0	0	
bleiktóna	0	0	0	0	0	0	0	0	0	
sérlitaður	0	1	0	0	0	0	0	0	0	
beinhvítur	5	8	1	0	0	0	0	0	0	
berjalitur	0	0	3	0	0	0	0	0	0	
leðurkenndur	2	10	0	0	0	0	0	0	0	
gulllitur	0	0	1	0	0	0	0	0	0	
dimmblár	10	15	0	0	0	0	0	0	0	
gulurrauðurgrænn	0	0	0	0	0	0	0	0	0	
blágrænn	16	37	5	3	0	0	0	0	0	
blóðrauður	9	13	3	0	0	0	0	0	0	
fjólublái	0	0	0	0	0	0	0	0	0	
margliti	0	0	0	0	0	0	0	0	0	
náttsvartur	0	0	0	0	0	0	0	0	0	
dökkleitur	19	23	2	1	0	0	0	0	0	
grænlituða	0	0	0	0	0	0	0	0	0	
snjakahvítur	2	0	0	0	0	0	0	0	0	
svarbrúnn	7	4	0	0	0	0	0	0	0	
bleiktur	4	5	0	0	0	0	0	0	0	
marglitur	57	76	6	0	0	0	0	0	0	
spanskgræna	0	0	0	0	0	0	0	0	0	
bronslitaður	2	7	0	0	0	0	0	0	0	
neonlita	0	0	0	0	0	0	0	0	0	
blásvartur	5	6	0	0	0	0	0	0	0	
rústrauð	0	0	0	0	0	0	0	0	0	
brimhvítur	0	0	0	0	0	0	0	0	0	
mjólensulaga	0	0	0	0	0	0	0	0	0	
grunnlitur	0	0	3	0	0	0	0	0	0	
mógrænn	2	0	0	0	0	0	0	0	0	
nábleikur	0	1	0	0	0	0	0	0	0	
svartgljáandi	0	0	0	0	0	0	0	0	0	
daufbleikur	1	2	0	0	0	0	0	0	0	
næpuhvít	0	0	0	0	0	0	0	0	0	
himinblá	0	0	0	0	0	0	0	0	0	
biksvartur	8	16	1	0	0	0	0	0	0	
koparlitaður	0	7	1	1	0	0	0	0	0	
mattur	67	79	2	0	0	0	0	0	0	
dökkskollitaður	0	0	0	0	0	0	0	0	0	
felulitur	0	0	5	1	0	0	0	0	0	
logagylltur	1	5	1	0	0	0	0	0	0	
lita	0	0	54	12	6	0	0	0	0	
misgrár	0	0	0	0	0	0	0	0	0	
rauður	1130	2256	271	24	5	1	0	0	0	
bleikir	0	0	3	0	0	0	0	0	0	
sterkbleikur	2	3	1	0	0	0	0	0	0	
túrkíslitur	0	0	1	0	0	0	0	0	0	
rauðir	0	0	0	0	0	0	0	0	0	
heiðgulur	3	5	0	0	0	0	0	0	0	
grasgrænn	2	2	0	0	0	0	0	0	0	
fjólurauður	2	2	1	0	0	0	0	0	0	
grásvartur	0	3	2	0	0	0	0	0	0	
hreinhvítur	1	2	1	0	0	0	0	0	0	
túrkísblátur	0	0	0	0	0	0	0	0	0	
dökkbláur	0	0	0	0	0	0	0	0	0	
dökkfjólublár	2	3	0	0	0	0	0	0	0	
blettaður	0	0	0	0	0	0	0	0	0	
dökkgræn	0	0	0	0	0	0	0	0	0	
grábrún	0	0	0	0	0	0	0	0	0	
dökkbleikur	1	2	0	0	0	0	0	0	0	
snjóhvítur	18	18	2	0	0	0	0	0	0	
lillablár	3	4	1	1	0	0	0	0	0	
silfurblár	1	1	0	0	0	0	0	0	0	
blámi	0	0	9	0	0	0	0	0	0	
blágræn	0	0	0	0	0	0	0	0	0	
rauðbleikur	7	14	2	0	0	0	0	0	0	
fagurlitaður	1	8	0	0	0	0	0	0	0	
silfraði	0	0	0	0	0	0	0	0	0	
gljásvartur	2	2	0	0	0	0	0	0	0	
ljósgrænn	20	28	6	1	0	0	0	0	0	
mintugrænn	0	2	0	0	0	0	0	0	0	
ljósblár	57	83	7	1	0	0	0	0	0	
túrkislitaður	0	2	0	0	0	0	0	0	0	
hvítleit	0	0	0	0	0	0	0	0	0	
blóðlitur	0	0	0	0	0	0	0	0	0	
ljósgulbrú	0	0	0	0	0	0	0	0	0	
silfurlituður	0	0	0	0	0	0	0	0	0	
blágrárur	0	0	0	0	0	0	0	0	0	
ljósgræn	0	0	0	0	0	0	0	0	0	
sólhvítur	1	0	0	0	0	0	0	0	0	
hvítur	1802	3316	403	39	6	1	0	0	0	
grasgræna	0	0	0	0	0	0	0	0	0	
linsulaga	0	2	0	0	0	0	0	0	0	
brúnn	299	586	86	12	1	0	1	0	0	
appelsínugulur	90	305	38	6	2	1	0	0	0	
hrægrár	0	0	0	0	0	0	0	0	0	
blágulur	0	0	0	0	0	0	0	0	0	
dökkgrænn	19	29	5	0	0	1	0	0	0	
hvítleitur	6	10	1	0	0	0	0	0	0	
fagurgrænn	13	9	1	0	0	0	0	0	0	
blárri	0	0	0	0	0	0	0	0	0	
súkkulaðibrúnn	7	5	1	0	0	0	0	0	0	
silfurgrænn	0	0	0	0	0	0	0	0	0	
skollitur	0	1	0	0	0	0	0	0	0	
bikasvart	0	0	0	0	0	0	0	0	0	
drapplitur	1	4	1	2	0	0	0	0	0	
hárauður	13	14	2	1	0	0	0	0	0	
sólbrúnn	31	37	4	0	0	0	0	0	0	
brúnfjólublá	0	0	0	0	0	0	0	0	0	
rauðgullinn	2	0	1	0	0	0	0	0	0	
rauðbrúnur	0	0	0	0	0	0	0	0	0	
helgrár	0	0	0	0	0	0	0	0	0	
bjartur	1336	1143	118	8	1	0	0	0	0	
alrauður	1	2	0	0	0	0	0	0	0	
dökkvínrauður	0	0	0	0	0	0	0	0	0	
ísagrár	0	0	0	0	0	0	0	0	0	
fölbleikur	15	14	3	0	0	0	0	0	0	
dökkfjólubláur	0	0	0	0	0	0	0	0	0	
hvítgulur	1	1	0	0	0	0	0	0	0	
koksgrár	2	2	0	0	0	0	0	0	0	
grængulur	3	4	0	0	0	0	0	0	0	
blárauður	2	1	1	0	0	0	0	0	0	
ólitaður	7	14	0	0	0	0	0	0	0	
matt-svartur	0	0	0	0	0	0	0	0	0	
ljósgylltur	2	2	0	0	0	0	0	0	0	
gráblár	7	8	5	0	0	0	0	0	0	
hvítt	0	0	0	0	0	0	0	0	0	
silfurlitann	0	0	0	0	0	0	0	0	0	
dökka	0	0	0	0	0	0	0	0	0	
neongræna	0	0	0	0	0	0	0	0	0	
dökkblátt	0	0	0	0	0	0	0	0	0	
dökklitur	1	0	1	0	0	0	0	0	0	
bikasvartur	0	1	0	0	0	0	0	0	0	
mórauður	19	23	5	3	1	0	1	0	0	
gulblár	0	1	0	0	0	0	0	0	0	
eiturgrænn	3	8	2	0	0	0	0	0	0	
upplitaður	9	13	0	0	0	0	0	0	0	
grásprengdur	9	16	1	0	0	0	0	0	0	
jólalitur	0	0	2	0	0	0	0	0	0	
sítrónugulur	0	2	0	0	0	0	0	0	0	
bláleit	0	0	0	0	0	0	0	0	0	
snjóhvíta	0	0	0	0	0	0	0	0	0	
fölgulur	3	4	2	0	0	0	0	0	0	
óbleiktur	1	1	0	0	0	0	0	0	0	
blágræna	0	0	0	0	0	0	0	0	0	
glóbrúnn	1	0	1	0	0	0	0	0	0	
lognhvítur	0	0	0	0	0	0	0	0	0	
himinblár	17	8	0	1	0	0	0	0	0	
tóbaksgulur	0	0	0	0	0	0	0	0	0	
perlulitur	0	0	1	0	0	0	0	0	0	
grænblá	0	0	0	0	0	0	0	0	0	
græn	0	0	0	0	0	0	0	0	0	
leðurbútur	0	0	0	0	0	0	0	0	0	
ryðbrúnn	1	0	0	0	0	0	0	0	0	
grábleikur	1	0	0	0	0	0	0	0	0	
gula	0	0	8	0	1	0	0	0	0	
hrímhvítur	1	3	1	0	0	0	0	0	0	
gulleit	0	0	0	0	0	0	0	0	0	
silfurlitur	7	22	3	0	0	0	0	0	0	
fífilbleikur	1	1	0	0	0	0	0	0	0	
segirauður	0	0	0	0	0	0	0	0	0	
alhvítur	9	12	1	0	0	0	0	0	0	
karrígulur	0	3	1	0	1	0	0	0	0	
rauðlitaður	1	5	0	0	0	0	0	0	0	
grænn	878	3136	293	42	6	2	0	0	0	
ljósblettur	0	0	0	0	0	0	0	0	0	
eldrauður	52	40	6	0	0	0	0	0	0	
gljáa	0	0	0	0	0	0	0	0	0	
skærhvítur	0	0	0	0	0	0	0	0	0	
ljósfjólublár	2	7	1	1	0	0	0	0	0	
bleiki	0	0	0	0	0	0	0	0	0	
sterkbleik	0	0	0	0	0	0	0	0	0	
brúnbleikur	0	2	1	0	0	0	0	0	0	
blálitaður	2	4	0	0	0	0	0	0	0	
ljósfjólublátur	0	0	0	0	0	0	0	0	0	
fjólublárri	0	0	0	0	0	0	0	0	0	
roðagylltur	3	2	0	0	0	0	0	0	0	
fölblár	5	6	0	1	0	0	0	0	0	
fjallablámi	0	0	0	0	0	0	0	0	0	
grænlitur	0	0	0	0	0	0	0	0	0	
djúprauður	7	4	0	0	0	0	0	0	0	
beigelitaður	0	1	1	0	0	0	0	0	0	
neongrænt	0	0	0	0	0	0	0	0	0	
sumarlitur	0	0	8	0	0	0	0	0	0	
silfrann	0	0	0	0	0	0	0	0	0	
kremhvít	0	0	0	0	0	0	0	0	0	
brúngrænn	0	0	0	0	0	0	0	0	0	
ferskjubleikur	0	1	0	0	0	0	0	0	0	
náhvítur	2	2	1	0	0	0	0	0	0	
pastelgræna	0	0	0	0	0	0	0	0	0	
smádrapplitaður	0	0	0	0	0	0	0	0	0	
sílgrænn	1	0	0	0	0	0	0	0	0	
írauður	0	1	0	0	0	0	0	0	0	
gulleitur	12	34	2	0	0	0	0	0	0	
mósvartur	0	0	0	0	0	0	0	0	0	
skærgulur	16	16	4	0	1	0	0	0	0	
fannhvít	0	0	0	0	0	0	0	0	0	
ilbleikur	0	0	0	0	0	0	0	0	0	
ljósbrúnt	0	0	0	0	0	0	0	0	0	
rósbleikur	5	2	2	0	0	0	0	0	0	
djúpfjólublár	0	0	0	1	0	0	0	0	0	
seiðblár	0	0	0	0	0	0	0	0	0	
fölbrúnn	0	1	0	0	0	0	0	0	0	
ultramarineblár	0	0	0	0	0	0	0	0	0	
mjallahvítur	3	2	0	0	0	0	0	0	0	
húðlitur	0	0	22	3	0	0	0	0	0	
gullrauður	0	0	0	0	0	0	0	0	0	
marglittur	0	0	0	0	0	0	0	0	0	
ryðrauður	3	5	0	0	0	0	0	0	0	
moldarlitur	0	0	0	0	0	0	0	0	0	
fölleitur	15	8	3	0	0	0	0	0	0	
blágrár	7	8	3	0	0	0	0	0	0	
leirgrár	0	0	0	0	0	0	0	0	0	
mjallarhvítur	0	0	0	0	0	0	0	0	0	
perluhvítur	5	2	0	0	0	0	0	0	0	
ryðlitur	0	1	0	0	0	0	0	0	0	
útilitur	0	0	0	0	0	0	0	0	0	
ljósgrænur	0	0	0	0	0	0	0	0	0	
mólitað	0	0	0	0	0	0	0	0	0	
dökkrauður	12	17	2	0	0	0	0	0	0	
dökkur	642	678	75	10	1	2	0	0	0	
svartur	1793	3005	304	32	4	2	0	2	0	
djúpgrænn	1	2	0	0	0	0	0	0	0	
doppa	0	0	22	5	1	0	0	0	0	
blá	0	0	3	0	0	0	0	0	0	
lillabláur	0	0	0	0	0	0	0	0	0	
fagurgulur	5	1	2	0	0	0	0	0	0	
ljósgulbrúnn	0	0	0	0	0	0	0	0	0	
ljóslitaður	0	4	1	0	0	0	0	0	0	
túrkísblá	0	0	0	0	0	0	0	0	0	
indígóblár	1	0	0	0	0	0	0	0	0	
blámálaður	4	11	0	1	0	0	0	0	0	
silfurgljáandi	2	3	0	0	0	0	0	0	0	
akrýllitur	0	0	0	0	0	0	0	0	0	
lifrauður	0	1	0	0	0	0	0	0	0	
tjörusvartur	1	1	0	0	0	0	0	0	0	
skyrhvítur	0	0	0	0	0	0	0	0	0	
blóðlitaður	0	1	1	0	0	0	0	0	0	
skærgrænn	8	13	0	0	0	0	0	0	0	
alsvartur	1	2	0	0	0	0	0	0	0	
barkarlitur	0	0	0	0	0	0	0	0	0	
spanskgrænn	0	1	0	0	0	0	0	0	0	
bleikleitur	2	0	0	0	0	0	0	0	0	
grænbrúnn	1	3	0	0	0	0	0	0	0	
kóngablár	3	6	1	0	0	0	0	0	0	
skolgrár	0	0	0	0	0	0	0	0	0	
ljósgulur	5	13	1	0	0	0	0	0	0	
dökkfjólublátur	0	0	0	0	0	0	0	0	0	
skærblár	3	5	1	1	0	0	0	0	0	
gulbrúnn	18	23	7	0	0	0	0	0	0	
himinn	0	0	98	7	1	0	0	0	0	
rafgulur	0	0	0	0	0	0	0	0	0	
rauðbrúnn	25	45	8	0	0	0	0	0	0	
skærrauður	6	6	1	0	0	0	0	0	0	
rústrauður	3	5	1	0	0	0	0	0	0	
sólglitaður	0	0	0	0	0	0	0	0	0	
silfraður	38	89	10	0	1	0	0	0	0	
rjómahvítur	1	4	0	0	0	0	0	0	0	
gráhvítur	2	6	0	0	1	0	0	0	0	
rauðgulur	7	21	1	1	0	0	0	0	0	
neongula	0	0	0	0	0	0	0	0	0	
dökkbrúnur	0	0	0	0	0	0	0	0	0	
grænblár	6	13	2	1	0	0	0	0	0	
ljósbrún	0	0	0	0	0	0	0	0	0	
blátóna	0	0	0	0	0	0	0	0	0	
ljósfjólubláur	0	0	0	0	0	0	0	0	0	
ljósbleikur	17	14	0	0	0	0	0	0	0	
litsterkur	12	16	0	1	0	1	0	0	0	
ljósblágrænn	0	0	0	0	0	0	0	0	0	
mosagrænn	9	13	0	1	0	0	0	0	0	
striklitur	0	0	0	0	0	0	0	0	0	
rauðlakkaður	0	5	1	0	0	0	0	0	0	
berjablár	0	2	0	0	0	0	0	0	0	
dökkblá	0	0	0	0	0	0	0	0	0	
dökkbrúnt	0	0	0	0	0	0	0	0	0	
skærbleikur	14	15	1	0	0	0	0	0	0	
flipóttur	0	0	1	0	0	0	0	0	0	
svargrár	3	3	1	0	0	0	0	0	0	
bleiklitur	0	0	0	0	0	0	0	0	0	
ólífulitaður	0	1	0	0	0	0	0	0	0	
purpurarauður	4	5	2	0	0	0	0	0	0	
skjannahvítur	23	19	2	0	0	0	0	0	0	
neonbleikur	0	3	0	0	0	0	0	0	0	
marglitað	0	0	0	0	0	0	0	0	0	
ferskjulitaður	3	9	0	0	0	0	0	0	0	
dökkt	0	0	0	0	0	0	0	0	0	
silfurgrár	17	23	1	0	0	0	0	0	0	
túrkisblár	2	3	0	0	0	0	0	0	0	
dökkva	0	0	0	0	0	0	0	0	0	
rauðbrúnleitur	0	1	0	0	0	0	0	0	0	
kambabrúnn	0	0	0	0	0	0	0	0	0	
koparrauður	1	3	0	0	0	0	0	0	0	
fannhvítur	7	8	2	0	0	0	0	0	0	
túrkísblátt	0	0	0	0	0	0	0	0	0	
heiðblár	15	10	2	0	0	0	0	0	0	
beige-lituð	0	0	0	0	0	0	0	0	0	
hnöttóttur	2	21	3	1	1	0	0	0	0	
ljósbrúnur	0	0	0	0	0	0	0	0	0	
djúpblár	2	5	2	1	0	0	0	0	0	
koparlitur	1	5	1	1	0	0	0	0	0	
brúntóinn	0	0	0	0	0	0	0	0	0	
rauðvindóttur	0	0	0	0	0	0	0	0	0	
viðarlitaður	0	3	0	0	0	0	0	0	0	
brúnrauður	0	2	0	0	0	0	0	0	0	
bleik	0	0	0	0	0	0	0	0	0	
búkur	0	0	22	1	0	0	0	0	0	
fjólublá	0	0	0	0	0	0	0	0	0	
gljáandi	44	59	9	2	0	0	0	0	0	
blómblað	0	0	2	0	0	0	0	0	0	
brúntóni	0	0	0	0	0	0	0	0	0	
silfurlitaður	25	69	9	0	1	0	0	0	0	
rauðsvartur	0	1	0	0	0	0	0	0	0	
sótsvartur	19	8	0	0	0	0	0	0	0	
gulbleikur	0	0	0	0	0	0	0	0	0	
túrkísbláa	0	0	0	0	0	0	0	0	0	
kolbikasvartur	1	4	0	0	0	0	0	0	0	
blýgrár	1	5	0	0	0	0	0	0	0	
móbrúnn	2	2	1	0	0	0	0	0	0	
gylltur	104	258	36	1	0	0	0	0	0	
rauðagull	0	0	1	0	0	0	0	0	0	
okkurgulur	1	7	0	0	0	0	0	0	0	
guldröfnóttur	0	0	0	0	0	0	0	0	0	
bleikur	415	677	79	13	4	0	0	0	0	
leirbrúnn	0	0	0	0	0	0	0	0	0	
brúnlitaður	0	3	0	0	0	0	0	0	0	
hlandgulur	0	1	0	0	0	0	0	0	0	
gulgrænn	6	9	4	0	0	0	0	0	0	
laxableikur	3	4	0	0	0	0	0	0	0	
dökkbrún	0	0	0	0	0	0	0	0	0	
hrímgrár	0	0	0	0	0	0	0	0	0	
gráleitur	24	24	2	0	0	0	0	0	0	
sterkblár	1	1	0	0	0	0	0	0	0	
frauður	0	0	0	0	0	0	0	0	0	
rústrauði	0	0	0	0	0	0	0	0	0	
ljósgull	0	0	0	0	0	0	0	0	0	
ferskjulitur	2	4	4	0	0	0	0	0	0	
rauðleitur	27	68	9	0	0	0	0	0	0	
augnhvíta	0	0	0	0	0	0	0	0	0	
ópalgrænn	1	0	0	0	0	0	0	0	0	
milliblár	0	3	0	0	0	0	0	0	0	
hárrauður	0	1	0	0	0	0	0	0	0	
sterkgrænn	0	0	0	0	0	0	0	0	0	
dumbrauður	6	8	1	0	1	0	0	0	0	
grábrúnn	7	16	5	0	0	0	0	0	0	
gulhvítur	2	5	1	0	0	0	0	0	0	
antíkbleikur	0	0	0	0	0	0	0	0	0	
gulrauður	0	5	0	0	0	0	0	0	0	
áttlitur	0	0	0	0	0	0	0	0	0	
bollitur	0	0	0	0	0	0	0	0	0	
moldarlitaður	0	0	0	0	0	0	0	0	0	
gulur	509	938	119	24	5	0	0	0	0	
blár	702	1435	210	41	4	3	0	0	0	
dökkgrár	15	26	1	2	0	0	0	0	0	
hvíta	0	0	13	1	0	0	0	0	0	
dökkbrúnn	25	38	7	0	1	0	0	0	0	
dökkbæsaður	0	1	0	0	0	0	0	0	0	
grágrænn	3	8	2	0	1	0	0	0	0	
fjólublár	102	230	47	13	5	4	1	0	0	
mjallhvítur	8	6	1	0	0	0	0	0	0	
vatnsblár	1	3	1	0	0	0	0	0	0	
dreyrrauður	0	0	0	0	0	0	0	0	0	
mógulur	0	0	0	0	0	0	0	0	0	
dökkblár	43	76	8	2	1	0	0	0	0	
turkísblár	1	0	0	0	0	0	0	0	0	
steingrár	12	11	0	0	0	0	0	0	0	
skærgrænur	0	0	0	0	0	0	0	0	0	
gulllitaður	5	20	2	0	0	0	0	0	0	
ljósgrænt	0	0	0	0	0	0	0	0	0	
gráfjólublá	0	0	0	0	0	0	0	0	0	
grænköflóttur	0	2	0	1	0	0	0	0	0	
colors	11972	21252	2774	361	66	19	3	2	0	