viðamikill	1480	1474	86	2	0	0	0	0	0	
örstækkandur	0	0	0	0	0	0	0	0	0	
smávaxinn	134	61	5	0	0	0	0	0	0	
ristastór	0	0	0	0	0	0	0	0	0	
gifurlegur	0	0	0	0	0	0	0	0	0	
stórt	0	0	0	0	0	0	0	0	0	
stór	24067	14752	675	45	5	0	0	0	0	
gríðarmikll	0	0	0	0	0	0	0	0	0	
þónokkur	2	1	0	0	0	0	0	0	0	
víður	376	485	34	1	2	0	0	0	0	
miklli	0	0	0	0	0	0	0	0	0	
landstór	2	4	0	0	0	0	0	0	0	
hausstór	2	4	0	1	0	0	0	0	0	
geysilegur	103	32	0	0	0	0	0	0	0	
örlítill	342	103	15	1	1	0	0	0	0	
feiknarlegur	5	3	0	0	0	0	0	0	0	
óhemjumikill	15	0	0	0	0	0	0	0	0	
veigalítill	19	27	1	0	0	0	0	0	0	
nefstór	1	1	1	0	0	0	0	0	0	
óhemjulangur	1	1	0	0	0	0	0	0	0	
þröngur	976	688	41	0	0	0	0	0	0	
stórmikill	12	2	0	0	0	0	0	0	0	
ægistór	3	0	0	0	0	0	0	0	0	
firnalangur	2	0	0	0	0	0	0	0	0	
æðilangur	1	2	0	0	0	0	0	0	0	
plássfrekur	9	16	1	1	0	0	0	0	0	
rúmlítill	0	1	0	0	0	0	0	0	0	
meðalmikill	1	0	0	0	0	0	0	0	0	
fasmikill	6	9	2	1	0	0	0	0	0	
geisilegur	0	0	0	0	0	0	0	0	0	
rosamikill	2	1	0	0	0	0	0	0	0	
minnstarur	0	0	0	0	0	0	0	0	0	
langminnst	0	0	0	0	0	0	0	0	0	
skillítill	0	1	0	0	0	0	0	0	0	
feykilegur	1	0	0	0	0	0	0	0	0	
lifrarmikill	0	0	0	0	0	0	0	0	0	
stærta	0	0	0	0	0	0	0	0	0	
næststæðstur	0	0	0	0	0	0	0	0	0	
misvíður	0	0	0	0	0	0	0	0	0	
hverfandi	2	1	0	0	0	0	0	0	0	
örsmár	123	56	4	0	0	0	0	0	0	
fyrirferðalítill	4	3	0	0	0	0	0	0	0	
fulllítill	0	0	0	0	0	0	0	0	0	
jafnstórur	0	0	0	0	0	0	0	0	0	
næststór	82	18	0	0	0	0	0	0	0	
fyrirferðarlítill	20	21	3	0	0	0	0	0	0	
jafnrisavaxinn	1	0	0	0	0	0	0	0	0	
afarlítill	0	0	0	0	0	0	0	0	0	
umfangsmikill	1223	1012	47	3	0	0	0	0	0	
firnastór	2	0	0	1	0	0	0	0	0	
stækkanlegur	3	4	0	0	0	0	0	0	0	
flennistór	23	13	1	0	0	0	0	0	0	
feiknarstór	3	0	0	0	0	0	0	0	0	
feiknalega	0	0	0	0	0	0	0	0	0	
smæra	0	0	0	0	0	0	0	0	0	
örstækkandi	0	0	0	0	0	0	0	0	0	
drjúglangur	0	0	0	0	0	0	0	0	0	
hæfllegur	0	0	0	0	0	0	0	0	0	
litillur	0	0	0	0	0	0	0	0	0	
smár	1094	1659	95	2	1	0	0	0	0	
gríðarstórur	0	0	0	0	0	0	0	0	0	
ógnarstór	19	6	0	0	0	0	0	0	0	
gríðarmiklur	0	0	0	0	0	0	0	0	0	
gríðalegur	78	4	0	0	0	0	0	0	0	
agnarlítill	24	4	0	0	0	0	0	0	0	
fyrirferðarmiklur	0	0	0	0	0	0	0	0	0	
massífur	47	31	2	0	0	0	0	0	0	
stæðilegur	28	270	16	0	0	0	0	0	0	
smækka	0	0	0	0	0	0	0	0	0	
heljarstór	6	4	0	0	0	0	0	0	0	
plássmikill	1	3	0	0	0	0	0	0	0	
feikimikill	3	6	1	0	0	0	0	0	0	
ýkjastór	0	0	0	0	0	0	0	0	0	
miðlungsstór	16	30	2	1	0	0	0	0	0	
ímikill	0	0	0	0	0	0	0	0	0	
feykimikill	1	0	0	0	0	0	0	0	0	
virkilegur	30	22	4	0	0	0	0	0	0	
allumsvifamikill	1	0	0	0	0	0	0	0	0	
agnarlítinn	0	0	0	0	0	0	0	0	0	
gríðarlegur	1369	354	16	2	0	0	0	0	0	
stórvaxinn	58	26	0	0	0	0	0	0	0	
risavaxinn	345	139	3	0	0	0	0	0	0	
ofboðslegur	46	11	1	1	0	0	0	0	0	
pinkulítill	3	0	0	0	0	0	0	0	0	
jafmikill	1	0	0	0	0	0	0	0	0	
geysimikill	54	11	0	0	0	0	0	0	0	
kviðmikill	1	0	0	0	0	0	0	0	0	
pínulítill	136	48	4	0	0	0	0	0	0	
risastór	678	219	12	0	0	0	0	0	0	
firnamikill	3	0	0	0	0	0	0	0	0	
jafngríðarlegur	1	0	0	0	0	0	0	0	0	
afarstór	1	0	0	0	0	0	0	0	0	
óvenjustór	13	5	1	0	0	0	0	0	0	
afarmikill	1	1	0	0	0	0	0	0	0	
jafnfyrirferðarmikinn	0	0	0	0	0	0	0	0	0	
litilla	0	0	0	0	0	0	0	0	0	
gríðarlega	1	0	0	0	0	0	0	0	0	
feiknmikill	1	0	0	0	0	0	0	0	0	
orðstór	1	0	0	0	0	0	0	0	0	
gríðarstór	178	49	0	0	0	0	0	0	0	
ógnarmikill	1	0	0	0	0	0	0	0	0	
jafnstór	156	24	2	1	0	0	0	0	0	
rosastór	1	0	0	0	0	0	0	0	0	
allfyrirferðarmikill	1	0	0	0	0	0	0	0	0	
mikill	39407	19168	1222	142	29	13	2	0	0	
stækkandi	9	34	1	0	0	0	0	0	0	
heimingur	0	0	0	0	0	0	0	0	0	
fyrirferðarmikinn	0	0	0	0	0	0	0	0	0	
gríðarþungur	1	0	0	0	0	0	0	0	0	
allþröngur	1	1	0	0	0	0	0	0	0	
handstór	1	3	0	0	0	0	0	0	0	
agnarsmárri	0	0	0	0	0	0	0	0	0	
heljarmikill	17	3	0	0	0	0	0	0	0	
smækkun	0	0	0	0	0	0	0	0	0	
skammlítill	0	0	0	0	0	0	0	0	0	
heilmikill	225	84	11	2	0	0	0	0	0	
fótstór	0	1	0	0	0	0	0	0	0	
dvergsmár	0	0	0	0	0	0	0	0	0	
allramikill	1	0	0	0	0	0	0	0	0	
eyrnastór	2	2	0	0	0	0	0	0	0	
smágerður	68	45	1	0	0	0	0	0	0	
fullstór	1	1	0	0	0	0	0	0	0	
burðarmikill	2	19	1	0	0	0	0	0	0	
stærð	0	0	176	8	0	0	0	0	0	
rúmfrekur	4	6	0	0	0	0	0	0	0	
mikilur	0	0	0	0	0	0	0	0	0	
gífurlegur	597	163	1	1	0	0	0	0	0	
allnokkur	2	1	0	0	0	0	0	0	0	
stórur	0	0	0	0	0	0	0	0	0	
næstlítill	0	0	0	0	0	0	0	0	0	
víðfeðmur	205	209	15	0	0	0	0	0	0	
fullstuttur	0	0	0	0	0	0	0	0	0	
feiknamikinn	0	0	0	0	0	0	0	0	0	
sístækkandi	15	26	1	0	0	0	0	0	0	
gríðarhár	7	4	0	0	0	0	0	0	0	
gífulegur	0	0	0	0	0	0	0	0	0	
töluverður	540	312	7	0	0	0	0	0	0	
aflangur	29	48	1	1	0	0	0	0	0	
ofurstór	4	2	0	0	0	0	0	0	0	
alllítill	0	0	0	0	0	0	0	0	0	
ólítill	0	0	0	0	0	0	0	0	0	
feikilegur	33	4	0	0	0	0	0	0	0	
tröllvaxinn	21	9	0	0	0	0	0	0	0	
alstór	6	2	0	0	0	0	0	0	0	
digur	30	56	1	0	0	0	0	0	0	
feiknalegur	16	3	0	0	0	0	0	0	0	
næstumsvifamikill	0	0	0	0	0	0	0	0	0	
feikilega	0	0	0	0	0	0	0	0	0	
geysistór	27	3	0	0	0	0	0	0	0	
ílangur	29	33	3	0	0	1	0	0	0	
eldstór	0	0	0	0	0	0	0	0	0	
massamikill	2	6	1	0	0	0	0	0	0	
gríðarmikill	121	22	1	0	0	0	0	0	0	
tignarstór	0	0	0	0	0	0	0	0	0	
agnarsmáur	0	0	0	0	0	0	0	0	0	
æðilítill	0	0	0	0	0	0	0	0	0	
gífurlega	0	0	0	0	0	0	0	0	0	
massalítill	0	1	0	0	0	0	0	0	0	
meðalstór	156	364	69	2	0	0	0	0	0	
gígantískur	0	1	0	0	0	0	0	0	0	
stórvaxnur	0	0	0	0	0	0	0	0	0	
feiknastórur	0	0	0	0	0	0	0	0	0	
hnefastór	2	0	0	0	0	0	0	0	0	
ofvaxinn	71	19	2	0	0	0	0	0	0	
mikillegur	0	0	0	0	0	0	0	0	0	
ástór	0	0	0	0	0	0	0	0	0	
millistór	26	51	5	0	0	0	0	0	0	
lítill	13826	8354	494	42	7	2	0	0	0	
þungur	1311	1407	84	9	1	0	0	0	0	
lófastór	6	4	0	0	0	0	0	0	0	
æðistór	2	0	0	0	0	0	0	0	0	
gríaðrlegur	0	0	0	0	0	0	0	0	0	
risavaxnur	0	0	0	0	0	0	0	0	0	
fyrirferðarmikill	101	137	10	0	1	0	0	0	0	
feiknamikill	7	2	0	0	0	0	0	0	0	
langstór	0	0	0	0	0	0	0	0	0	
hreðjamikill	0	0	0	0	0	0	0	0	0	
feiknastór	11	0	0	0	0	0	0	0	0	
ístór	3	0	0	0	0	0	0	0	0	
lítillll	0	0	0	0	0	0	0	0	0	
geysilangur	5	0	0	0	0	0	0	0	0	
lítið	0	0	0	0	0	0	0	0	0	
stærðarlega	0	0	0	0	0	0	0	0	0	
oggulítill	2	2	0	0	0	0	0	0	0	
jafnfyrirferðarmikill	1	0	0	0	0	0	0	0	0	
litill	0	0	0	0	0	0	0	0	0	
feiknarlega	0	0	0	0	0	0	0	0	0	
fyrirferðamikill	17	21	0	0	0	0	0	0	0	
stæstur	3	5	0	0	0	0	0	0	0	
líta	0	0	0	0	0	0	0	0	0	
sáralítill	61	17	0	0	0	0	0	0	0	
stækka	0	0	0	0	0	0	0	0	0	
hæfílegur	1	0	0	0	0	0	0	0	0	
óhemjustór	6	0	0	0	0	0	0	0	0	
ofsamikill	0	0	0	0	0	0	0	0	0	
munnstór	1	1	0	0	0	0	0	0	0	
breiða	0	0	25	2	1	0	0	0	0	
smávaxandi	1	0	0	0	0	0	0	0	0	
agnarsmár	73	23	1	0	0	0	0	0	0	
misstór	46	46	3	0	0	0	0	0	0	
allstór	72	34	1	0	0	0	0	0	0	
pínkulítill	3	0	0	0	0	0	0	0	0	
feikistór	6	0	0	0	0	0	0	0	0	
stórgerður	17	8	0	0	0	0	0	0	0	
íburðarmikill	77	104	8	0	0	0	0	0	0	
colors	90783	52593	3220	272	48	16	2	0	0	