hollenzkur	6	46	2	2	0	0	0	0	0	
márískur	0	5	0	0	0	0	0	0	0	
rúmenskur	28	132	9	3	0	0	1	0	0	
erlendur	1198	8713	885	46	2	0	0	0	0	
líbískur	5	39	2	0	0	0	0	0	0	
litháenskur	1	5	1	0	0	0	0	0	0	
filippískur	0	0	0	0	1	0	0	0	0	
skozkur	2	9	1	0	0	0	0	0	0	
nepalskur	4	30	0	0	0	0	0	0	0	
engilsaxneskur	12	50	3	0	0	0	0	0	0	
perúskur	3	12	0	1	0	0	0	0	0	
alsírskur	5	27	1	0	0	0	0	0	0	
húsvískur	1	19	0	0	0	0	0	0	0	
filippeyskur	2	5	2	0	0	0	0	0	0	
síleskur	2	5	0	0	0	0	0	0	0	
víetnamskur	22	71	11	4	0	0	0	0	0	
spænskur	373	1059	87	16	3	8	1	0	0	
spánskur	10	48	3	0	1	1	0	0	0	
miðevrópskur	3	18	0	0	0	0	0	0	0	
bandarískur	1538	5191	393	39	9	2	0	0	0	
þingeyskur	4	60	2	0	0	0	0	0	0	
hérlendur	35	114	5	0	0	0	0	0	0	
keltneskur	22	87	6	2	0	0	0	0	0	
skandinavískur	39	290	20	5	0	0	0	0	0	
prússneskur	3	22	1	0	0	0	0	0	0	
reykvískur	15	123	6	1	0	0	0	0	0	
evrópskur	546	2534	170	10	3	0	0	0	0	
islenskur	1	11	0	0	0	0	0	0	0	
tíbeskur	1	12	0	0	0	0	0	0	0	
egypskur	59	189	17	2	0	0	0	0	0	
belgískur	94	312	22	4	1	0	0	2	0	
kúbanskur	18	51	2	2	0	0	0	0	0	
nígerískur	16	69	2	0	0	0	0	0	0	
túniskur	2	2	0	0	0	0	0	0	0	
líberískur	1	4	0	0	0	0	0	0	0	
bólivískur	1	9	0	0	0	0	0	0	0	
franskættaður	2	10	0	0	0	0	0	0	0	
aldanskur	0	0	0	0	0	0	0	0	0	
hálfnorskur	0	1	0	0	0	0	0	0	0	
brasilískur	66	362	28	3	0	1	1	0	0	
latneskur	28	160	8	2	1	0	0	0	0	
taílenskur	40	158	13	2	0	0	0	0	0	
íslenzkur	247	1516	123	8	1	0	0	0	0	
færeyskur	162	558	49	6	2	0	0	0	0	
maltneskur	3	8	0	0	0	0	0	0	0	
hafnfirskur	2	58	4	1	0	0	0	0	0	
franskur	890	2721	268	43	7	1	0	0	0	
alþjóðlegur	949	5313	364	11	0	0	0	0	0	
úsbeskur	0	2	0	0	0	0	0	0	0	
indverskur	156	651	58	10	2	0	0	0	0	
tékkneskur	45	183	10	1	3	1	0	0	0	
portúgalskur	51	254	33	10	0	3	0	0	0	
ganverskur	0	1	0	0	0	0	0	0	0	
íslenkan	0	0	0	0	0	0	0	0	0	
þýzkur	54	172	15	0	1	0	0	0	0	
hálfdanskur	0	5	0	0	0	0	0	0	0	
hollenskur	231	785	94	17	0	1	1	0	0	
innlendur	1509	2190	165	8	0	1	0	0	0	
ísfirskur	1	32	2	1	0	0	0	0	0	
grískur	242	579	31	5	4	0	0	1	0	
asískur	62	277	20	2	1	0	0	0	0	
samískur	3	27	3	1	0	0	0	0	0	
kambódískur	7	15	0	0	0	0	0	0	0	
eistneskur	31	76	6	3	0	0	0	0	0	
rómanskur	18	52	6	0	0	0	0	0	0	
argentínskur	28	153	6	0	0	0	0	0	0	
indónesískur	15	63	4	0	0	0	0	0	0	
sómalskur	4	39	3	0	0	0	0	0	0	
nýnorrænn	0	3	0	0	0	0	0	0	0	
austurlenskur	23	97	10	0	0	0	0	0	0	
grindvískur	1	12	0	0	0	0	0	0	0	
kóreskur	20	86	12	2	0	1	0	0	0	
normanskur	0	1	1	0	0	0	0	0	0	
chileskur	2	6	0	0	0	0	0	0	0	
keflvískur	1	7	3	0	0	0	0	0	0	
enskur	566	1877	147	7	2	1	0	0	0	
gotneskur	7	88	7	0	0	0	0	0	0	
malavískur	1	7	1	0	0	0	0	0	0	
pólskættaður	2	0	1	0	0	0	0	0	0	
armenskur	5	26	2	1	0	0	0	0	0	
suðurafrískur	1	25	5	0	0	0	0	0	0	
baskneskur	18	38	0	0	0	0	0	0	0	
breskur	1245	3847	257	26	2	2	0	0	0	
íslenska	0	0	222	17	0	0	0	0	0	
mexíkóskur	46	217	17	7	2	1	0	0	0	
haítískur	2	2	0	0	0	0	0	0	0	
finnskur	216	621	84	23	3	0	1	0	0	
rammíslenskur	28	46	6	0	0	0	0	0	0	
slóvakískur	1	21	0	1	0	1	0	0	0	
welskur	0	0	0	0	0	0	0	0	0	
sómalískur	0	6	1	0	0	0	0	0	0	
marokkóskur	15	49	11	0	0	1	0	0	0	
skandínavískur	4	34	3	0	0	0	0	0	0	
danskur	1046	2886	244	18	5	2	0	0	0	
velskur	24	94	7	0	0	0	0	0	0	
arabískur	99	318	35	2	1	0	0	0	0	
jafníslenskur	0	0	0	0	0	0	0	0	0	
austfirskur	7	60	4	0	0	0	0	0	0	
norðlenskur	37	160	8	1	0	0	0	0	0	
alíslenzkur	0	3	0	0	0	0	0	0	0	
kanadískur	157	542	65	9	2	0	1	0	0	
austurevrópskur	6	23	0	0	0	0	0	0	0	
hálfíslenskur	8	10	0	0	0	0	0	0	0	
vestfirskur	32	225	16	2	0	0	1	0	0	
sjálenskur	1	5	0	0	0	0	0	0	0	
sýrlenskur	79	264	16	1	2	0	0	0	0	
alnorskur	0	1	1	0	0	0	0	0	0	
mongólskur	6	28	2	0	0	0	0	0	0	
séríslenskur	42	107	3	1	0	0	0	0	0	
tævanskur	0	3	2	0	0	0	0	0	0	
lettneskur	15	73	6	2	1	0	0	0	0	
svissneskur	110	357	25	8	5	0	0	0	0	
taívanskur	5	25	2	1	0	0	0	0	0	
hánorrænn	3	4	0	0	0	0	0	0	0	
kýpverskur	4	14	0	0	0	0	0	0	0	
tælenskur	16	36	5	0	0	0	0	0	0	
forngermanskur	0	3	0	0	0	0	0	0	0	
norrænur	0	1	0	0	0	0	0	0	0	
ástralskur	145	498	50	8	2	0	0	0	0	
austurrískur	72	285	23	2	0	1	0	0	0	
sænskur	597	1953	189	29	6	1	0	0	0	
ítalskur	411	1674	185	24	13	1	2	0	0	
útlenskur	13	119	10	0	0	0	0	0	0	
túnískur	0	6	1	0	0	0	0	0	0	
síberískur	0	10	0	0	0	0	0	0	0	
borgfirskur	7	43	1	0	0	0	0	0	0	
hálfþýskur	0	0	0	0	0	0	0	0	0	
tyrkneskur	110	356	18	5	3	0	0	0	0	
litháískur	9	58	11	1	0	0	0	0	0	
afrískur	93	327	22	2	0	0	0	0	0	
alíslenskur	35	109	12	0	0	0	0	0	0	
mexíkanskur	6	38	1	0	0	0	0	0	0	
albanskur	32	100	3	1	1	0	0	0	0	
norrænn	412	2202	167	14	4	0	2	0	0	
miðausturlenskur	2	2	0	0	0	0	0	0	0	
vesturíslenskur	0	9	1	0	0	0	0	0	0	
persneskur	13	92	15	3	0	0	0	0	0	
germanskur	25	98	12	1	0	0	0	0	0	
danskættaður	1	10	1	0	0	0	0	0	0	
amerískur	159	1174	110	9	0	0	0	0	0	
kúbverskur	10	81	5	0	0	0	0	0	0	
siglfirskur	4	22	0	0	0	0	0	0	0	
bæverskur	2	11	0	0	0	0	0	0	0	
sunnlenskur	7	72	6	0	0	0	0	0	0	
pólskur	185	482	41	7	3	0	0	0	0	
líbanskur	33	87	7	0	1	0	0	0	0	
suðuramerískur	4	38	7	0	0	0	0	0	0	
íranskur	64	241	13	2	0	0	0	0	0	
jórdanskur	11	34	1	0	0	0	0	0	0	
rammíslenzkur	0	4	0	0	0	0	0	0	0	
brezkur	93	210	20	0	0	0	0	0	0	
eyfirskur	9	28	4	1	0	0	0	0	0	
óíslenskur	0	6	0	0	0	0	0	0	0	
afganskur	75	235	14	1	0	0	0	0	0	
jemenskur	2	23	3	0	0	0	0	0	0	
skagfirskur	12	89	6	1	0	0	0	0	0	
slóvenskur	20	73	0	2	0	0	0	0	0	
þarlendur	42	114	4	0	0	0	0	0	0	
georgískur	6	22	1	1	0	0	0	0	0	
norskættaður	2	4	0	0	0	0	0	0	0	
kenískur	6	21	1	0	0	0	0	0	0	
eþíópískur	8	32	2	0	0	0	0	0	0	
íslenskættað	0	0	0	0	0	0	0	0	0	
ungverskur	35	174	14	3	1	1	0	0	0	
ítalskættaður	2	2	1	0	0	0	0	0	0	
arískur	2	15	1	0	0	0	0	0	0	
japanskur	232	1068	91	14	4	0	0	0	0	
hálfrússneskur	0	0	0	0	0	0	0	0	0	
rússneskur	412	1805	114	13	4	0	1	0	0	
skoskur	110	493	30	2	1	0	0	0	0	
þýskur	819	2561	260	52	3	2	0	0	0	
karabískur	2	12	1	0	0	0	0	0	0	
norskur	919	2168	194	24	12	0	0	0	0	
akureyrskur	3	30	1	0	0	0	0	0	0	
kínverskur	272	1412	110	14	1	0	0	0	0	
þýskættaður	1	9	0	0	0	0	0	0	0	
grænlenskur	67	252	27	3	0	0	0	0	0	
innfæddur	74	98	6	1	0	0	0	0	0	
íslenskur	4159	20147	1957	138	18	2	0	1	0	
namibískur	0	1	1	0	0	0	0	0	0	
útlendur	68	369	22	1	0	0	0	0	0	
slavneskur	11	46	5	1	0	0	0	0	0	
frakkneskur	0	3	1	0	0	0	0	0	0	
írskur	188	625	64	5	2	1	0	0	0	
nýsjálenskur	9	73	10	1	1	1	0	0	0	
séríslenzkur	2	8	0	0	0	0	0	0	0	
Total	22943	90615	8074	786	147	38	12	4	0	